factor_id;konto_ns_4102;kontonavn_ns_4102;artskonto_dfo;factor_type;category;factor_value;unit;source;factor_basis;source_data_year;price_year;cpi_adjusted;method_version;review_status
spend_1021_102;1021;Konsesjoner, kjøpt;102;spend;;0.014905159420289858;kgCO2e/NOK;"DFØ 2022; SSB table 14700";spend_eeio;2022;2026M08 interim;True;DFØ 2022 factors, recalculated by DFØ in 2025;"mapped to 2026 chart; replace interim CPI with full-year 2026 CPI"
spend_1031_103;1031;Patenter, kjøpt;103;spend;;0.014905159420289858;kgCO2e/NOK;"DFØ 2022; SSB table 14700";spend_eeio;2022;2026M08 interim;True;DFØ 2022 factors, recalculated by DFØ in 2025;"mapped to 2026 chart; replace interim CPI with full-year 2026 CPI"
spend_1041_104;1041;Lisenser, kjøpt (programvare);104;spend;;0.016494695652173912;kgCO2e/NOK;"DFØ 2022; SSB table 14700";spend_eeio;2022;2026M08 interim;True;DFØ 2022 factors, recalculated by DFØ in 2025;"mapped to 2026 chart; replace interim CPI with full-year 2026 CPI"
spend_1051_105;1051;Varemerker, kjøpt;105;spend;;0.014905159420289858;kgCO2e/NOK;"DFØ 2022; SSB table 14700";spend_eeio;2022;2026M08 interim;True;DFØ 2022 factors, recalculated by DFØ in 2025;"mapped to 2026 chart; replace interim CPI with full-year 2026 CPI"
spend_1105_110;1105;Forretningsbygg;110;spend;;0.02301787439613527;kgCO2e/NOK;"DFØ 2022; SSB table 14700";spend_eeio;2022;2026M08 interim;True;DFØ 2022 factors, recalculated by DFØ in 2025;"mapped to 2026 chart; replace interim CPI with full-year 2026 CPI"
spend_1120_112;1120;Bygningsmessige anlegg;112;spend;;0.015426318840579713;kgCO2e/NOK;"DFØ 2022; SSB table 14700";spend_eeio;2022;2026M08 interim;True;DFØ 2022 factors, recalculated by DFØ in 2025;"mapped to 2026 chart; replace interim CPI with full-year 2026 CPI"
spend_1131_113;1131;Eiendom og anlegg under bygging;113;spend;;0.020168869565217393;kgCO2e/NOK;"DFØ 2022; SSB table 14700";spend_eeio;2022;2026M08 interim;True;DFØ 2022 factors, recalculated by DFØ in 2025;"mapped to 2026 chart; replace interim CPI with full-year 2026 CPI"
spend_1141_114;1141;Jord- og skogsbrukseiendommer;114;spend;;0.014088676328502416;kgCO2e/NOK;"DFØ 2022; SSB table 14700";spend_eeio;2022;2026M08 interim;True;DFØ 2022 factors, recalculated by DFØ in 2025;"mapped to 2026 chart; replace interim CPI with full-year 2026 CPI"
spend_1151_115;1151;Tomter;115;spend;;0.024772444444444444;kgCO2e/NOK;"DFØ 2022; SSB table 14700";spend_eeio;2022;2026M08 interim;True;DFØ 2022 factors, recalculated by DFØ in 2025;"mapped to 2026 chart; replace interim CPI with full-year 2026 CPI"
spend_1160_116;1160;Boliger inklusive tomter;116;spend;;0.023895159420289858;kgCO2e/NOK;"DFØ 2022; SSB table 14700";spend_eeio;2022;2026M08 interim;True;DFØ 2022 factors, recalculated by DFØ in 2025;"mapped to 2026 chart; replace interim CPI with full-year 2026 CPI"
spend_1200_120;1200;Maskiner og anlegg;120;spend;;0.030131700483091786;kgCO2e/NOK;"DFØ 2022; SSB table 14700";spend_eeio;2022;2026M08 interim;True;DFØ 2022 factors, recalculated by DFØ in 2025;"mapped to 2026 chart; replace interim CPI with full-year 2026 CPI"
spend_1210_121;1210;Maskiner og anlegg under bygging;121;spend;;0.030131700483091786;kgCO2e/NOK;"DFØ 2022; SSB table 14700";spend_eeio;2022;2026M08 interim;True;DFØ 2022 factors, recalculated by DFØ in 2025;"mapped to 2026 chart; replace interim CPI with full-year 2026 CPI"
spend_1221_122;1221;Skip og båter;122;spend;;0.034544183574879234;kgCO2e/NOK;"DFØ 2022; SSB table 14700";spend_eeio;2022;2026M08 interim;True;DFØ 2022 factors, recalculated by DFØ in 2025;"mapped to 2026 chart; replace interim CPI with full-year 2026 CPI"
spend_1225_122;1225;Fly og helikopter;122;spend;;0.034544183574879234;kgCO2e/NOK;"DFØ 2022; SSB table 14700";spend_eeio;2022;2026M08 interim;True;DFØ 2022 factors, recalculated by DFØ in 2025;"mapped to 2026 chart; replace interim CPI with full-year 2026 CPI"
spend_1231_123;1231;Personbiler;123;spend;;0.027968888888888894;kgCO2e/NOK;"DFØ 2022; SSB table 14700";spend_eeio;2022;2026M08 interim;True;DFØ 2022 factors, recalculated by DFØ in 2025;"mapped to 2026 chart; replace interim CPI with full-year 2026 CPI"
spend_1249_124;1249;Andre transportmidler;124;spend;;0.031260879227053145;kgCO2e/NOK;"DFØ 2022; SSB table 14700";spend_eeio;2022;2026M08 interim;True;DFØ 2022 factors, recalculated by DFØ in 2025;"mapped to 2026 chart; replace interim CPI with full-year 2026 CPI"
spend_1250_125;1250;Møbler, interiør og annet inventar (balanseført eiendel);125;spend;;0.027239265700483094;kgCO2e/NOK;"DFØ 2022; SSB table 14700";spend_eeio;2022;2026M08 interim;True;DFØ 2022 factors, recalculated by DFØ in 2025;"mapped to 2026 chart; replace interim CPI with full-year 2026 CPI"
spend_1265_126;1265;Fast bygningsinventar og oppussing i leide lokaler;126;spend;;0.01902231884057971;kgCO2e/NOK;"DFØ 2022; SSB table 14700";spend_eeio;2022;2026M08 interim;True;DFØ 2022 factors, recalculated by DFØ in 2025;"mapped to 2026 chart; replace interim CPI with full-year 2026 CPI"
spend_1270_127;1270;Verktøy og utstyr (balanseført eiendel);127;spend;;0.027178463768115942;kgCO2e/NOK;"DFØ 2022; SSB table 14700";spend_eeio;2022;2026M08 interim;True;DFØ 2022 factors, recalculated by DFØ in 2025;"mapped to 2026 chart; replace interim CPI with full-year 2026 CPI"
spend_1280_128;1280;Kontormaskiner;128;spend;;0.02972345893719807;kgCO2e/NOK;"DFØ 2022; SSB table 14700";spend_eeio;2022;2026M08 interim;True;DFØ 2022 factors, recalculated by DFØ in 2025;"mapped to 2026 chart; replace interim CPI with full-year 2026 CPI"
spend_1290_129;1290;Andre driftsmidler;129;spend;;0.02793414492753623;kgCO2e/NOK;"DFØ 2022; SSB table 14700";spend_eeio;2022;2026M08 interim;True;DFØ 2022 factors, recalculated by DFØ in 2025;"mapped to 2026 chart; replace interim CPI with full-year 2026 CPI"
spend_1461_146;1461;Varelager: Varer for videresalg, emballasje og demonstrasjonsvarer;146;spend;;0.0406504347826087;kgCO2e/NOK;"DFØ 2022; SSB table 14700";spend_eeio;2022;2026M08 interim;True;DFØ 2022 factors, recalculated by DFØ in 2025;"mapped to 2026 chart; replace interim CPI with full-year 2026 CPI"
spend_4000_400;4000;Råvarer og halvfabrikata;400;spend;;0.046556908212560394;kgCO2e/NOK;"DFØ 2022; SSB table 14700";spend_eeio;2022;2026M08 interim;True;DFØ 2022 factors, recalculated by DFØ in 2025;"mapped to 2026 chart; replace interim CPI with full-year 2026 CPI"
spend_4060_406;4060;Frakt og toll ved mottak av råvarer og halvabrikata;406;spend;;0.025953739130434784;kgCO2e/NOK;"DFØ 2022; SSB table 14700";spend_eeio;2022;2026M08 interim;True;DFØ 2022 factors, recalculated by DFØ in 2025;"mapped to 2026 chart; replace interim CPI with full-year 2026 CPI"
spend_4260_406;4260;Frakt og toll på innkjøp av egenproduserte varer;406;spend;;0.025953739130434784;kgCO2e/NOK;"DFØ 2022; SSB table 14700";spend_eeio;2022;2026M08 interim;True;DFØ 2022 factors, recalculated by DFØ in 2025;"mapped to 2026 chart; replace interim CPI with full-year 2026 CPI"
spend_4160_406;4160;Frakt og toll på innkjøp av varer under produksjon;406;spend;;0.025953739130434784;kgCO2e/NOK;"DFØ 2022; SSB table 14700";spend_eeio;2022;2026M08 interim;True;DFØ 2022 factors, recalculated by DFØ in 2025;"mapped to 2026 chart; replace interim CPI with full-year 2026 CPI"
spend_4300_430;4300;Varer for videresalg;430;spend;;0.01360226086956522;kgCO2e/NOK;"DFØ 2022; SSB table 14700";spend_eeio;2022;2026M08 interim;True;DFØ 2022 factors, recalculated by DFØ in 2025;"mapped to 2026 chart; replace interim CPI with full-year 2026 CPI"
spend_4500_450;4500;Innleid arbeidskraft, fremmedytelse og underentreprise;450;spend;;0.01778890821256039;kgCO2e/NOK;"DFØ 2022; SSB table 14700";spend_eeio;2022;2026M08 interim;True;DFØ 2022 factors, recalculated by DFØ in 2025;"mapped to 2026 chart; replace interim CPI with full-year 2026 CPI"
spend_6553_474;6553;Programvare;474;spend;;0.016494695652173912;kgCO2e/NOK;"DFØ 2022; SSB table 14700";spend_eeio;2022;2026M08 interim;True;DFØ 2022 factors, recalculated by DFØ in 2025;"mapped to 2026 chart; replace interim CPI with full-year 2026 CPI"
spend_5901_590;5901;Gaver til ansatte, med skattefradrag;590;spend;;0.03285910144927536;kgCO2e/NOK;"DFØ 2022; SSB table 14700";spend_eeio;2022;2026M08 interim;True;DFØ 2022 factors, recalculated by DFØ in 2025;"mapped to 2026 chart; replace interim CPI with full-year 2026 CPI"
spend_5911_591;5911;Kantine, snacks og drikke til kontoret;591;spend;;0.02036864734299517;kgCO2e/NOK;"DFØ 2022; SSB table 14700";spend_eeio;2022;2026M08 interim;True;DFØ 2022 factors, recalculated by DFØ in 2025;"mapped to 2026 chart; replace interim CPI with full-year 2026 CPI"
spend_5310_592;5310;Betaling av gruppelivsforsikring;592;spend;;0.009241893719806764;kgCO2e/NOK;"DFØ 2022; SSB table 14700";spend_eeio;2022;2026M08 interim;True;DFØ 2022 factors, recalculated by DFØ in 2025;"mapped to 2026 chart; replace interim CPI with full-year 2026 CPI"
spend_5290_593;5290;Yrkesskadeforsikring;593;spend;;0.009650135265700485;kgCO2e/NOK;"DFØ 2022; SSB table 14700";spend_eeio;2022;2026M08 interim;True;DFØ 2022 factors, recalculated by DFØ in 2025;"mapped to 2026 chart; replace interim CPI with full-year 2026 CPI"
spend_5990_596;5990;Annen personalkostnad, med skattefradrag;596;spend;;0.01784971014492754;kgCO2e/NOK;"DFØ 2022; SSB table 14700";spend_eeio;2022;2026M08 interim;True;DFØ 2022 factors, recalculated by DFØ in 2025;"mapped to 2026 chart; replace interim CPI with full-year 2026 CPI"
spend_5991_599;5991;Annen personalkostnad, uten skattefradrag;599;spend;;0.014661951690821256;kgCO2e/NOK;"DFØ 2022; SSB table 14700";spend_eeio;2022;2026M08 interim;True;DFØ 2022 factors, recalculated by DFØ in 2025;"mapped to 2026 chart; replace interim CPI with full-year 2026 CPI"
spend_6100_610;6100;Frakt, transportkostnad og forsikring ved utsending av varer;610;spend;;0.05167295652173914;kgCO2e/NOK;"DFØ 2022; SSB table 14700";spend_eeio;2022;2026M08 interim;True;DFØ 2022 factors, recalculated by DFØ in 2025;"mapped to 2026 chart; replace interim CPI with full-year 2026 CPI"
spend_6110_611;6110;Toll og spedisjonskostnad ved vareforsendelse;611;spend;;0.02379961352657005;kgCO2e/NOK;"DFØ 2022; SSB table 14700";spend_eeio;2022;2026M08 interim;True;DFØ 2022 factors, recalculated by DFØ in 2025;"mapped to 2026 chart; replace interim CPI with full-year 2026 CPI"
spend_6190_619;6190;Annen frakt- og transportkostnad ved salg;619;spend;;0.11303947826086957;kgCO2e/NOK;"DFØ 2022; SSB table 14700";spend_eeio;2022;2026M08 interim;True;DFØ 2022 factors, recalculated by DFØ in 2025;"mapped to 2026 chart; replace interim CPI with full-year 2026 CPI"
spend_6341_620;6341;Strøm og oppvarming av lokaler;620;spend;;0.035742850241545894;kgCO2e/NOK;"DFØ 2022; SSB table 14700";spend_eeio;2022;2026M08 interim;True;DFØ 2022 factors, recalculated by DFØ in 2025;"mapped to 2026 chart; replace interim CPI with full-year 2026 CPI"
spend_6200_621;6200;Strøm og brensel til produksjon (gass);621;spend;;0.1377684927536232;kgCO2e/NOK;"DFØ 2022; SSB table 14700";spend_eeio;2022;2026M08 interim;True;DFØ 2022 factors, recalculated by DFØ in 2025;"mapped to 2026 chart; replace interim CPI with full-year 2026 CPI"
spend_6200_622;6200;Strøm og brensel til produksjon (fyringsolje);622;spend;;0.05070012560386474;kgCO2e/NOK;"DFØ 2022; SSB table 14700";spend_eeio;2022;2026M08 interim;True;DFØ 2022 factors, recalculated by DFØ in 2025;"mapped to 2026 chart; replace interim CPI with full-year 2026 CPI"
spend_6200_624;6200;Strøm og brensel til produksjon (ved);624;spend;;0.039998985507246385;kgCO2e/NOK;"DFØ 2022; SSB table 14700";spend_eeio;2022;2026M08 interim;True;DFØ 2022 factors, recalculated by DFØ in 2025;"mapped to 2026 chart; replace interim CPI with full-year 2026 CPI"
spend_7001_625;7001;Drivstoff transportmiddel;625;spend;;0.15156184541062806;kgCO2e/NOK;"DFØ 2022; SSB table 14700";spend_eeio;2022;2026M08 interim;True;DFØ 2022 factors, recalculated by DFØ in 2025;"mapped to 2026 chart; replace interim CPI with full-year 2026 CPI"
spend_6200_629;6200;Strøm og brensel til produksjon (annet brensel);629;spend;;0.19287241545893724;kgCO2e/NOK;"DFØ 2022; SSB table 14700";spend_eeio;2022;2026M08 interim;True;DFØ 2022 factors, recalculated by DFØ in 2025;"mapped to 2026 chart; replace interim CPI with full-year 2026 CPI"
spend_6300_630;6300;Leie lokaler;630;spend;;0.029402077294685997;kgCO2e/NOK;"DFØ 2022; SSB table 14700";spend_eeio;2022;2026M08 interim;True;DFØ 2022 factors, recalculated by DFØ in 2025;"mapped to 2026 chart; replace interim CPI with full-year 2026 CPI"
spend_6320_632;6320;Renovasjon, vann, avløp o.l.;632;spend;;0.053627304347826095;kgCO2e/NOK;"DFØ 2022; SSB table 14700";spend_eeio;2022;2026M08 interim;True;DFØ 2022 factors, recalculated by DFØ in 2025;"mapped to 2026 chart; replace interim CPI with full-year 2026 CPI"
spend_6340_634;6340;Lys, varme;634;spend;;0.035742850241545894;kgCO2e/NOK;"DFØ 2022; SSB table 14700";spend_eeio;2022;2026M08 interim;True;DFØ 2022 factors, recalculated by DFØ in 2025;"mapped to 2026 chart; replace interim CPI with full-year 2026 CPI"
spend_6360_636;6360;Renhold, vakthold og vaktmestertjenester;636;spend;;0.01615594202898551;kgCO2e/NOK;"DFØ 2022; SSB table 14700";spend_eeio;2022;2026M08 interim;True;DFØ 2022 factors, recalculated by DFØ in 2025;"mapped to 2026 chart; replace interim CPI with full-year 2026 CPI"
spend_6399_639;6399;Annen kostnad kontorlokaler;639;spend;;0.023582463768115944;kgCO2e/NOK;"DFØ 2022; SSB table 14700";spend_eeio;2022;2026M08 interim;True;DFØ 2022 factors, recalculated by DFØ in 2025;"mapped to 2026 chart; replace interim CPI with full-year 2026 CPI"
spend_6400_640;6400;Leie maskiner;640;spend;;0.01695505314009662;kgCO2e/NOK;"DFØ 2022; SSB table 14700";spend_eeio;2022;2026M08 interim;True;DFØ 2022 factors, recalculated by DFØ in 2025;"mapped to 2026 chart; replace interim CPI with full-year 2026 CPI"
spend_6410_641;6410;Leie inventar;641;spend;;0.01695505314009662;kgCO2e/NOK;"DFØ 2022; SSB table 14700";spend_eeio;2022;2026M08 interim;True;DFØ 2022 factors, recalculated by DFØ in 2025;"mapped to 2026 chart; replace interim CPI with full-year 2026 CPI"
spend_6420_642;6420;Leie datasystemer;642;spend;;0.01695505314009662;kgCO2e/NOK;"DFØ 2022; SSB table 14700";spend_eeio;2022;2026M08 interim;True;DFØ 2022 factors, recalculated by DFØ in 2025;"mapped to 2026 chart; replace interim CPI with full-year 2026 CPI"
spend_6420_643;6420;Leie datasystemer;643;spend;;0.01695505314009662;kgCO2e/NOK;"DFØ 2022; SSB table 14700";spend_eeio;2022;2026M08 interim;True;DFØ 2022 factors, recalculated by DFØ in 2025;"mapped to 2026 chart; replace interim CPI with full-year 2026 CPI"
spend_6340_644;6340;Leie andre kontormaskiner;644;spend;;0.01695505314009662;kgCO2e/NOK;"DFØ 2022; SSB table 14700";spend_eeio;2022;2026M08 interim;True;DFØ 2022 factors, recalculated by DFØ in 2025;"mapped to 2026 chart; replace interim CPI with full-year 2026 CPI"
spend_6440_645;6440;Leie og leasing av transportmidler;645;spend;;0.01695505314009662;kgCO2e/NOK;"DFØ 2022; SSB table 14700";spend_eeio;2022;2026M08 interim;True;DFØ 2022 factors, recalculated by DFØ in 2025;"mapped to 2026 chart; replace interim CPI with full-year 2026 CPI"
spend_6440_646;6440;Leie og leasing av transportmidler;646;spend;;0.01695505314009662;kgCO2e/NOK;"DFØ 2022; SSB table 14700";spend_eeio;2022;2026M08 interim;True;DFØ 2022 factors, recalculated by DFØ in 2025;"mapped to 2026 chart; replace interim CPI with full-year 2026 CPI"
spend_6490_649;6490;Annen leiekostnad;649;spend;;0.01695505314009662;kgCO2e/NOK;"DFØ 2022; SSB table 14700";spend_eeio;2022;2026M08 interim;True;DFØ 2022 factors, recalculated by DFØ in 2025;"mapped to 2026 chart; replace interim CPI with full-year 2026 CPI"
spend_6500_650;6500;Motordrevet verktøy;650;spend;;0.030131700483091786;kgCO2e/NOK;"DFØ 2022; SSB table 14700";spend_eeio;2022;2026M08 interim;True;DFØ 2022 factors, recalculated by DFØ in 2025;"mapped to 2026 chart; replace interim CPI with full-year 2026 CPI"
spend_6500_651;6500;Verktøy og utstyr;651;spend;;0.027178463768115942;kgCO2e/NOK;"DFØ 2022; SSB table 14700";spend_eeio;2022;2026M08 interim;True;DFØ 2022 factors, recalculated by DFØ in 2025;"mapped to 2026 chart; replace interim CPI with full-year 2026 CPI"
spend_6553_652;6553;Programvare;652;spend;;0.016494695652173912;kgCO2e/NOK;"DFØ 2022; SSB table 14700";spend_eeio;2022;2026M08 interim;True;DFØ 2022 factors, recalculated by DFØ in 2025;"mapped to 2026 chart; replace interim CPI with full-year 2026 CPI"
spend_6540_654;6540;Møbler, interiør og annet inventar;654;spend;;0.027239265700483094;kgCO2e/NOK;"DFØ 2022; SSB table 14700";spend_eeio;2022;2026M08 interim;True;DFØ 2022 factors, recalculated by DFØ in 2025;"mapped to 2026 chart; replace interim CPI with full-year 2026 CPI"
spend_6551_655;6551;Data og telefoner;655;spend;;0.02972345893719807;kgCO2e/NOK;"DFØ 2022; SSB table 14700";spend_eeio;2022;2026M08 interim;True;DFØ 2022 factors, recalculated by DFØ in 2025;"mapped to 2026 chart; replace interim CPI with full-year 2026 CPI"
spend_6551_656;6551;Andre kontormaskiner;656;spend;;0.030131700483091786;kgCO2e/NOK;"DFØ 2022; SSB table 14700";spend_eeio;2022;2026M08 interim;True;DFØ 2022 factors, recalculated by DFØ in 2025;"mapped to 2026 chart; replace interim CPI with full-year 2026 CPI"
spend_6572_657;6572;Arbeidsklær og verneutstyr, ikke opplysningspliktig;657;spend;;0.042839304347826096;kgCO2e/NOK;"DFØ 2022; SSB table 14700";spend_eeio;2022;2026M08 interim;True;DFØ 2022 factors, recalculated by DFØ in 2025;"mapped to 2026 chart; replace interim CPI with full-year 2026 CPI"
spend_6590_658;6590;Annet driftsmateriale;658;spend;;0.04449832850241546;kgCO2e/NOK;"DFØ 2022; SSB table 14700";spend_eeio;2022;2026M08 interim;True;DFØ 2022 factors, recalculated by DFØ in 2025;"mapped to 2026 chart; replace interim CPI with full-year 2026 CPI"
spend_6600_660;6600;Reparasjon og vedlikehold av bygninger;660;spend;;0.02479850241545894;kgCO2e/NOK;"DFØ 2022; SSB table 14700";spend_eeio;2022;2026M08 interim;True;DFØ 2022 factors, recalculated by DFØ in 2025;"mapped to 2026 chart; replace interim CPI with full-year 2026 CPI"
spend_6600_663;6600;Reparasjon og vedlikehold av leide lokaler;663;spend;;0.02479850241545894;kgCO2e/NOK;"DFØ 2022; SSB table 14700";spend_eeio;2022;2026M08 interim;True;DFØ 2022 factors, recalculated by DFØ in 2025;"mapped to 2026 chart; replace interim CPI with full-year 2026 CPI"
spend_6620_666;6620;Reparasjon og vedlikehold maskiner og utstyr;666;spend;;0.02416442512077295;kgCO2e/NOK;"DFØ 2022; SSB table 14700";spend_eeio;2022;2026M08 interim;True;DFØ 2022 factors, recalculated by DFØ in 2025;"mapped to 2026 chart; replace interim CPI with full-year 2026 CPI"
spend_6690_669;6690;Reparasjon og vedlikehold annet;669;spend;;0.02177577777777778;kgCO2e/NOK;"DFØ 2022; SSB table 14700";spend_eeio;2022;2026M08 interim;True;DFØ 2022 factors, recalculated by DFØ in 2025;"mapped to 2026 chart; replace interim CPI with full-year 2026 CPI"
spend_6720_670;6720;Honorar for økonomisk og juridisk rådgivning;670;spend;;0.015547922705314009;kgCO2e/NOK;"DFØ 2022; SSB table 14700";spend_eeio;2022;2026M08 interim;True;DFØ 2022 factors, recalculated by DFØ in 2025;"mapped to 2026 chart; replace interim CPI with full-year 2026 CPI"
spend_6750_671;6750;Honorar for databistand;671;spend;;0.016086454106280193;kgCO2e/NOK;"DFØ 2022; SSB table 14700";spend_eeio;2022;2026M08 interim;True;DFØ 2022 factors, recalculated by DFØ in 2025;"mapped to 2026 chart; replace interim CPI with full-year 2026 CPI"
spend_6791_672;6791;Andre eksterne arbeidstimer, opplysningspliktig;672;spend;;0.015547922705314009;kgCO2e/NOK;"DFØ 2022; SSB table 14700";spend_eeio;2022;2026M08 interim;True;DFØ 2022 factors, recalculated by DFØ in 2025;"mapped to 2026 chart; replace interim CPI with full-year 2026 CPI"
spend_6795_673;6795;Andre eksterne arbeidstimer, ikke opplysningspliktig;673;spend;;0.01488778743961353;kgCO2e/NOK;"DFØ 2022; SSB table 14700";spend_eeio;2022;2026M08 interim;True;DFØ 2022 factors, recalculated by DFØ in 2025;"mapped to 2026 chart; replace interim CPI with full-year 2026 CPI"
spend_4550_674;4550;Fremmedytelse og underentreprise, oppgavepliktig;674;spend;;0.008555700483091788;kgCO2e/NOK;"DFØ 2022; SSB table 14700";spend_eeio;2022;2026M08 interim;True;DFØ 2022 factors, recalculated by DFØ in 2025;"mapped to 2026 chart; replace interim CPI with full-year 2026 CPI"
spend_6750_675;6750;Honorar for databistand;675;spend;;0.016086454106280193;kgCO2e/NOK;"DFØ 2022; SSB table 14700";spend_eeio;2022;2026M08 interim;True;DFØ 2022 factors, recalculated by DFØ in 2025;"mapped to 2026 chart; replace interim CPI with full-year 2026 CPI"
spend_6705_676;6705;Regnskapshonorar;676;spend;;0.015547922705314009;kgCO2e/NOK;"DFØ 2022; SSB table 14700";spend_eeio;2022;2026M08 interim;True;DFØ 2022 factors, recalculated by DFØ in 2025;"mapped to 2026 chart; replace interim CPI with full-year 2026 CPI"
spend_6791_678;6791;Andre eksterne arbeidstimer, opplysningspliktig;678;spend;;0.017658618357487926;kgCO2e/NOK;"DFØ 2022; SSB table 14700";spend_eeio;2022;2026M08 interim;True;DFØ 2022 factors, recalculated by DFØ in 2025;"mapped to 2026 chart; replace interim CPI with full-year 2026 CPI"
spend_6800_680;6800;Kontorrekvisita;680;spend;;0.025554183574879232;kgCO2e/NOK;"DFØ 2022; SSB table 14700";spend_eeio;2022;2026M08 interim;True;DFØ 2022 factors, recalculated by DFØ in 2025;"mapped to 2026 chart; replace interim CPI with full-year 2026 CPI"
spend_6820_682;6820;Trykksak;682;spend;;0.021845265700483094;kgCO2e/NOK;"DFØ 2022; SSB table 14700";spend_eeio;2022;2026M08 interim;True;DFØ 2022 factors, recalculated by DFØ in 2025;"mapped to 2026 chart; replace interim CPI with full-year 2026 CPI"
spend_7321_683;7321;Reklamekostnad;683;spend;;0.016720531400966184;kgCO2e/NOK;"DFØ 2022; SSB table 14700";spend_eeio;2022;2026M08 interim;True;DFØ 2022 factors, recalculated by DFØ in 2025;"mapped to 2026 chart; replace interim CPI with full-year 2026 CPI"
spend_6840_684;6840;Aviser, tidsskrifter, bøker o.l.;684;spend;;0.015834560386473434;kgCO2e/NOK;"DFØ 2022; SSB table 14700";spend_eeio;2022;2026M08 interim;True;DFØ 2022 factors, recalculated by DFØ in 2025;"mapped to 2026 chart; replace interim CPI with full-year 2026 CPI"
spend_6860_686;6860;Møte, kurs, oppdatering o.l.;686;spend;;0.02217533333333334;kgCO2e/NOK;"DFØ 2022; SSB table 14700";spend_eeio;2022;2026M08 interim;True;DFØ 2022 factors, recalculated by DFØ in 2025;"mapped to 2026 chart; replace interim CPI with full-year 2026 CPI"
spend_6890_689;6890;Annen kontorkostnad;689;spend;;0.014305826086956522;kgCO2e/NOK;"DFØ 2022; SSB table 14700";spend_eeio;2022;2026M08 interim;True;DFØ 2022 factors, recalculated by DFØ in 2025;"mapped to 2026 chart; replace interim CPI with full-year 2026 CPI"
spend_6907_690;6907;Internett og annen data- og telekommunikasjon;690;spend;;0.01493121739130435;kgCO2e/NOK;"DFØ 2022; SSB table 14700";spend_eeio;2022;2026M08 interim;True;DFØ 2022 factors, recalculated by DFØ in 2025;"mapped to 2026 chart; replace interim CPI with full-year 2026 CPI"
spend_6940_694;6940;Porto på brev o.l. sendt fra bedriften;694;spend;;0.017519642512077296;kgCO2e/NOK;"DFØ 2022; SSB table 14700";spend_eeio;2022;2026M08 interim;True;DFØ 2022 factors, recalculated by DFØ in 2025;"mapped to 2026 chart; replace interim CPI with full-year 2026 CPI"
spend_7001_700;7001;Drivstoff transportmiddel;700;spend;;0.15156184541062806;kgCO2e/NOK;"DFØ 2022; SSB table 14700";spend_eeio;2022;2026M08 interim;True;DFØ 2022 factors, recalculated by DFØ in 2025;"mapped to 2026 chart; replace interim CPI with full-year 2026 CPI"
spend_7021_702;7021;Vedlikehold transportmiddel;702;spend;;0.016598927536231888;kgCO2e/NOK;"DFØ 2022; SSB table 14700";spend_eeio;2022;2026M08 interim;True;DFØ 2022 factors, recalculated by DFØ in 2025;"mapped to 2026 chart; replace interim CPI with full-year 2026 CPI"
spend_7041_704;7041;Forsikring transportmiddel;704;spend;;0.009241893719806764;kgCO2e/NOK;"DFØ 2022; SSB table 14700";spend_eeio;2022;2026M08 interim;True;DFØ 2022 factors, recalculated by DFØ in 2025;"mapped to 2026 chart; replace interim CPI with full-year 2026 CPI"
spend_7051_709;7051;Annen kostnad transportmiddel;709;spend;;0.02363457971014493;kgCO2e/NOK;"DFØ 2022; SSB table 14700";spend_eeio;2022;2026M08 interim;True;DFØ 2022 factors, recalculated by DFØ in 2025;"mapped to 2026 chart; replace interim CPI with full-year 2026 CPI"
spend_7100_710;7100;Bilgodtgjørelse;710;spend;;0.0342836038647343;kgCO2e/NOK;"DFØ 2022; SSB table 14700";spend_eeio;2022;2026M08 interim;True;DFØ 2022 factors, recalculated by DFØ in 2025;"mapped to 2026 chart; replace interim CPI with full-year 2026 CPI"
spend_7140_713;7140;Reisekostnad fra faktura eller kvittering;713;spend;;0.02942813526570049;kgCO2e/NOK;"DFØ 2022; SSB table 14700";spend_eeio;2022;2026M08 interim;True;DFØ 2022 factors, recalculated by DFØ in 2025;"mapped to 2026 chart; replace interim CPI with full-year 2026 CPI"
spend_7160_715;7160;Mat på reise fra faktura eller kvittering;715;spend;;0.029341275362318845;kgCO2e/NOK;"DFØ 2022; SSB table 14700";spend_eeio;2022;2026M08 interim;True;DFØ 2022 factors, recalculated by DFØ in 2025;"mapped to 2026 chart; replace interim CPI with full-year 2026 CPI"
spend_7199_719;7199;Annen kostnadsgodtgjørelse reise, diett, bil o.l.;719;spend;;0.02036864734299517;kgCO2e/NOK;"DFØ 2022; SSB table 14700";spend_eeio;2022;2026M08 interim;True;DFØ 2022 factors, recalculated by DFØ in 2025;"mapped to 2026 chart; replace interim CPI with full-year 2026 CPI"
spend_7300_730;7300;Salgskostnad;730;spend;;0.014453487922705316;kgCO2e/NOK;"DFØ 2022; SSB table 14700";spend_eeio;2022;2026M08 interim;True;DFØ 2022 factors, recalculated by DFØ in 2025;"mapped to 2026 chart; replace interim CPI with full-year 2026 CPI"
spend_7321_732;7321;Reklamekostnad;732;spend;;0.017953942028985512;kgCO2e/NOK;"DFØ 2022; SSB table 14700";spend_eeio;2022;2026M08 interim;True;DFØ 2022 factors, recalculated by DFØ in 2025;"mapped to 2026 chart; replace interim CPI with full-year 2026 CPI"
spend_7350_735;7350;Representasjon (bevertning til forretningsforbindelser);735;spend;;0.027968888888888894;kgCO2e/NOK;"DFØ 2022; SSB table 14700";spend_eeio;2022;2026M08 interim;True;DFØ 2022 factors, recalculated by DFØ in 2025;"mapped to 2026 chart; replace interim CPI with full-year 2026 CPI"
spend_7400_740;7400;Kontingent;740;spend;;0.014740125603864736;kgCO2e/NOK;"DFØ 2022; SSB table 14700";spend_eeio;2022;2026M08 interim;True;DFØ 2022 factors, recalculated by DFØ in 2025;"mapped to 2026 chart; replace interim CPI with full-year 2026 CPI"
spend_7420_741;7420;Gave;741;spend;;0.03285910144927536;kgCO2e/NOK;"DFØ 2022; SSB table 14700";spend_eeio;2022;2026M08 interim;True;DFØ 2022 factors, recalculated by DFØ in 2025;"mapped to 2026 chart; replace interim CPI with full-year 2026 CPI"
spend_7500_750;7500;Forsikringspremie;750;spend;;0.009398241545893722;kgCO2e/NOK;"DFØ 2022; SSB table 14700";spend_eeio;2022;2026M08 interim;True;DFØ 2022 factors, recalculated by DFØ in 2025;"mapped to 2026 chart; replace interim CPI with full-year 2026 CPI"
spend_7550_755;7550;Garantikostnad;755;spend;;0.009398241545893722;kgCO2e/NOK;"DFØ 2022; SSB table 14700";spend_eeio;2022;2026M08 interim;True;DFØ 2022 factors, recalculated by DFØ in 2025;"mapped to 2026 chart; replace interim CPI with full-year 2026 CPI"
spend_7560_756;7560;Servicekostnad;756;spend;;0.009398241545893722;kgCO2e/NOK;"DFØ 2022; SSB table 14700";spend_eeio;2022;2026M08 interim;True;DFØ 2022 factors, recalculated by DFØ in 2025;"mapped to 2026 chart; replace interim CPI with full-year 2026 CPI"
spend_7600_760;7600;Lisensavgift;760;spend;;0.014905159420289858;kgCO2e/NOK;"DFØ 2022; SSB table 14700";spend_eeio;2022;2026M08 interim;True;DFØ 2022 factors, recalculated by DFØ in 2025;"mapped to 2026 chart; replace interim CPI with full-year 2026 CPI"
spend_7605_760;7605;Royalties;760;spend;;0.014905159420289858;kgCO2e/NOK;"DFØ 2022; SSB table 14700";spend_eeio;2022;2026M08 interim;True;DFØ 2022 factors, recalculated by DFØ in 2025;"mapped to 2026 chart; replace interim CPI with full-year 2026 CPI"
spend_7610_761;7610;Patentkostnad ved egen patent;761;spend;;0.014905159420289858;kgCO2e/NOK;"DFØ 2022; SSB table 14700";spend_eeio;2022;2026M08 interim;True;DFØ 2022 factors, recalculated by DFØ in 2025;"mapped to 2026 chart; replace interim CPI with full-year 2026 CPI"
spend_7620_762;7620;Kostnad ved varemerke o.l.;762;spend;;0.014905159420289858;kgCO2e/NOK;"DFØ 2022; SSB table 14700";spend_eeio;2022;2026M08 interim;True;DFØ 2022 factors, recalculated by DFØ in 2025;"mapped to 2026 chart; replace interim CPI with full-year 2026 CPI"
spend_7630_763;7630;Kontroll-, prøve- og stempelavgifter;763;spend;;0.014905159420289858;kgCO2e/NOK;"DFØ 2022; SSB table 14700";spend_eeio;2022;2026M08 interim;True;DFØ 2022 factors, recalculated by DFØ in 2025;"mapped to 2026 chart; replace interim CPI with full-year 2026 CPI"
spend_7710_771;7710;Styremøter;771;spend;;0.021237246376811597;kgCO2e/NOK;"DFØ 2022; SSB table 14700";spend_eeio;2022;2026M08 interim;True;DFØ 2022 factors, recalculated by DFØ in 2025;"mapped to 2026 chart; replace interim CPI with full-year 2026 CPI"
spend_7720_772;7720;Generalforsamling;772;spend;;0.021237246376811597;kgCO2e/NOK;"DFØ 2022; SSB table 14700";spend_eeio;2022;2026M08 interim;True;DFØ 2022 factors, recalculated by DFØ in 2025;"mapped to 2026 chart; replace interim CPI with full-year 2026 CPI"
spend_7750_775;7750;Eiendoms- og festeavgift;775;spend;;0.024972222222222226;kgCO2e/NOK;"DFØ 2022; SSB table 14700";spend_eeio;2022;2026M08 interim;True;DFØ 2022 factors, recalculated by DFØ in 2025;"mapped to 2026 chart; replace interim CPI with full-year 2026 CPI"
spend_7770_777;7770;Bank- og kortgebyr;777;spend;;0.005880415458937199;kgCO2e/NOK;"DFØ 2022; SSB table 14700";spend_eeio;2022;2026M08 interim;True;DFØ 2022 factors, recalculated by DFØ in 2025;"mapped to 2026 chart; replace interim CPI with full-year 2026 CPI"
spend_7798_779;7798;Annen kostnad;779;spend;;0.01769336231884058;kgCO2e/NOK;"DFØ 2022; SSB table 14700";spend_eeio;2022;2026M08 interim;True;DFØ 2022 factors, recalculated by DFØ in 2025;"mapped to 2026 chart; replace interim CPI with full-year 2026 CPI"
activity_6341_elektrisitet__markedsbasert;6341;Strøm og oppvarming av lokaler;634;activity;Elektrisitet (markedsbasert);0.018;kgCO2e/kWh;IEA/NVE;activity_physical;;;False;2025 working override carried forward;"2026 source and boundary review required; do not CPI-adjust"
activity_6341_elektrisitet__lokasjonsbasert__no;6341;Strøm og oppvarming av lokaler;634;activity;Elektrisitet (lokasjonsbasert, NO);0.009;kgCO2e/kWh;SSB/Nord Pool;activity_physical;;;False;2025 working override carried forward;"2026 source and boundary review required; do not CPI-adjust"
activity_7140_flyvninger__innland;7140;Reisekostnad fra faktura eller kvittering;714;activity;Flyvninger (innland);0.31;kgCO2e/pkm;DEFRA;activity_physical;2024;;False;2025 working override carried forward;"2026 source and boundary review required; do not CPI-adjust"
activity_7140_hotellovernatting;7140;Reisekostnad fra faktura eller kvittering;714;activity;Hotellovernatting;15;kgCO2e/overnatting;HCMI/DEFRA 2024;activity_physical;2024;;False;2025 working override carried forward;"2026 source and boundary review required; do not CPI-adjust"
activity_6341_fjernvarme;6341;Strøm og oppvarming av lokaler;634;activity;Fjernvarme;0.048;kgCO2e/kWh;Fjernvarmestatistikk (SSB);activity_physical;;;False;2025 working override carried forward;"2026 source and boundary review required; do not CPI-adjust"
activity_7001_bensin;7001;Drivstoff transportmiddel;700;activity;Bensin;2.32;kgCO2e/liter;Miljødirektoratet (2023), DEFRA 2024, IPCC Guidelines Vol.2 Ch.3;activity_physical;2024;;False;2025 working override carried forward;"2026 source and boundary review required; do not CPI-adjust"
activity_7001_diesel;7001;Drivstoff transportmiddel;700;activity;Diesel;2.68;kgCO2e/liter;Miljødirektoratet (2023), DEFRA 2024, IPCC Guidelines Vol.2 Ch.3;activity_physical;2024;;False;2025 working override carried forward;"2026 source and boundary review required; do not CPI-adjust"
activity_7100_elbil;7100;Bilgodtgjørelse;710;activity;Elbil;0.015;kgCO2e/km;SSB (2024), NVE 2024, Nord Pool NO el-miks (9–17 g CO₂e/kWh);activity_physical;2024;;False;2025 working override carried forward;"2026 source and boundary review required; do not CPI-adjust"
activity_7100_hybrid__ladbar;7100;Bilgodtgjørelse;710;activity;Hybrid (ladbar);0.09;kgCO2e/km;"DEFRA 2024; SSB/NVE; Miljødirektoratet";activity_physical;2024;;False;2025 working override carried forward;"2026 source and boundary review required; do not CPI-adjust"
activity_7001_biodiesel__hvo;7001;Drivstoff transportmiddel;700;activity;Biodiesel (HVO);0.45;kgCO2e/liter;SSB 2024, EU RED II Annex V;activity_physical;2024;;False;2025 working override carried forward;"2026 source and boundary review required; do not CPI-adjust"
activity_7100_personbil__elektrisk;7100;Bilgodtgjørelse;710;activity;Personbil (elektrisk);0.00032;kgCO2e/NOK;SSB (2024), Statens satser (2025), NVE;activity_converted_to_cost;2025;statutory reimbursement rate 2025;False;2025 working override carried forward;"2026 source and boundary review required; do not CPI-adjust"
activity_7100_personbil__bensin;7100;Bilgodtgjørelse;710;activity;Personbil (bensin);0.02784;kgCO2e/NOK;Miljødirektoratet (2023), Statens satser (2025);activity_converted_to_cost;2025;statutory reimbursement rate 2025;False;2025 working override carried forward;"2026 source and boundary review required; do not CPI-adjust"
activity_7100_personbil__diesel;7100;Bilgodtgjørelse;710;activity;Personbil (diesel);0.02948;kgCO2e/NOK;Miljødirektoratet (2023), Statens satser (2025);activity_converted_to_cost;2025;statutory reimbursement rate 2025;False;2025 working override carried forward;"2026 source and boundary review required; do not CPI-adjust"
activity_7100_personbil__hybrid;7100;Bilgodtgjørelse;710;activity;Personbil (hybrid);0.01133;kgCO2e/NOK;DEFRA 2024, Statens satser (2025), SSB/NVE;activity_converted_to_cost;2025;statutory reimbursement rate 2025;False;2025 working override carried forward;"2026 source and boundary review required; do not CPI-adjust"
